CreditScore,Age,Tenure,Balance,NumOfProducts,HasCrCard,IsActiveMember,EstimatedSalary,Exited
402,74,5,15672.405405466467,3,0,1,58402.25439397658,1
735,48,0,209834.62308900058,2,1,1,76858.11852593123,1
570,23,7,954.980664645777,1,1,0,144066.90790901566,1
406,57,7,61705.96730047556,2,0,1,109094.68694308375,0
371,29,8,185226.01403801786,2,0,0,33683.01150863453,0
320,70,8,79067.5374323267,3,0,1,192668.76268049143,1
421,88,1,25473.097016503383,2,1,1,130823.04548485028,1
766,27,1,90058.47970010697,3,0,0,155515.000875881,0
514,62,2,67598.32159613138,3,1,0,25050.498501590453,1
630,34,0,210677.97554013872,1,0,0,18941.09209740359,1
758,43,3,78336.97939628578,3,1,1,13695.129569935423,0
387,79,3,197233.1179440018,3,1,1,45870.86527695444,1
672,63,8,222968.0362026837,1,1,0,88737.59556651408,0
399,81,8,108454.35489413238,3,0,0,187806.96534653634,0
430,19,8,227485.785963598,1,0,1,96841.3352604975,1
608,71,9,94329.51349079821,2,0,1,65148.47002078059,0
643,82,6,241019.60412252703,1,1,1,116767.69816873604,0
791,68,1,22322.38113139323,3,1,0,31267.569845609956,0
713,70,9,171754.8166258107,1,0,1,125806.11929094681,1
685,53,4,123453.51011423217,3,1,0,118002.07132279563,1
491,43,3,96912.20136391176,2,1,1,160478.67634708484,1
576,46,7,158177.96968715024,1,1,1,197470.6462072346,0
460,38,1,175964.2729085828,2,0,0,57665.959626061,0
759,28,5,1090.8174125772719,3,1,0,106834.72565271452,1
613,57,4,41738.27218679968,3,0,0,182684.4272006107,1
321,28,1,178261.51265857968,2,0,1,159186.07804033984,0
552,53,9,166596.3533945516,1,0,1,102607.19758915344,1
774,76,0,241511.8762821693,1,0,1,189620.61342680777,1
358,56,7,190259.44756269574,3,0,0,20874.971768193784,1
810,71,1,237693.1769328345,2,1,1,186889.73774539097,1
775,72,6,175635.12538370173,2,0,0,19596.404552733242,1
489,41,8,74513.05215986079,1,0,0,113987.90138179003,0
543,39,8,26341.230562714118,1,0,0,179183.7801202063,1
804,86,7,195455.9658362339,1,1,1,59916.97927664754,1
430,73,9,161037.30536897897,2,1,1,99727.21479958012,0
784,50,8,12046.503098324058,1,1,0,71622.48703602367,0
320,53,1,90012.61647524458,1,1,1,190907.34424450676,0
466,37,5,239199.95387107154,3,0,0,166492.66300308725,0
573,79,3,125100.28642755031,1,0,0,144710.2871520121,1
687,43,3,108182.28400492616,1,1,1,121649.12745687066,1
615,83,4,114424.9012898235,2,1,0,165912.43997158814,1
313,57,2,52220.68100129093,2,1,0,84530.73788947394,1
541,34,0,92176.7927161988,3,1,1,95034.85247015176,0
645,18,7,92453.31399679415,1,0,0,148700.32700536368,0
639,78,4,13088.7550468681,3,1,0,77973.40502580571,1
391,60,2,191891.90712947957,2,1,0,22141.178989191027,1
666,59,9,104126.10797596975,3,1,0,24123.57568835358,1
754,42,6,205544.97170410582,2,1,0,31918.932248083736,1
727,56,6,212587.00027997384,3,1,0,175239.45143529592,0
808,52,0,52998.513674664515,3,1,0,99723.02089367883,1
334,20,8,164338.37054253215,1,1,1,145447.65017549993,0
505,61,1,118070.45104074542,3,0,1,84652.77376492972,0
380,68,4,220039.18448037127,1,0,0,59155.08000897055,0
687,29,4,53935.16979411353,1,0,0,75966.51183682027,0
301,36,7,169453.30007751106,1,0,1,160894.64561026488,1
689,61,7,151938.03056318066,1,0,1,128791.06375597326,1
405,76,6,73825.3693929582,3,0,1,188151.5581920014,1
776,66,6,34150.225912793154,2,1,1,139143.90792959847,1
701,78,5,162909.94011931913,2,1,1,118334.51003339185,0
461,34,5,184649.36453308267,2,0,0,125937.24170730855,0
501,74,8,78906.8359408375,3,1,1,189050.57349899877,0
569,72,5,161208.15100557846,1,0,1,159758.17667467415,1
570,64,1,98782.72690287582,2,1,1,14567.835099623186,0
755,29,1,178301.72082065442,3,1,0,111486.54226578247,0
761,79,4,49803.81872351328,1,1,0,140784.29819384732,0
551,25,3,222553.75065904358,2,1,0,152252.71090343947,0
595,38,1,71852.39911639494,1,1,0,50497.00266964797,1
637,87,2,91946.49693903822,2,1,0,174763.69734575693,0
352,89,6,14522.988020087447,2,0,0,191610.1979632811,0
516,42,7,27878.0530803191,2,0,1,54975.908110525255,1
487,29,5,128965.47567808203,1,1,0,177696.9369282767,1
679,32,4,66898.16918199287,3,0,0,28425.964878058123,1
792,76,0,208870.05643554858,1,1,1,20584.298861896583,0
340,43,7,3673.3471637384605,2,0,0,34552.52201952238,0
456,43,2,94773.51216798405,1,1,1,20970.80509873684,0
314,64,5,84336.38669227317,3,0,1,170552.3250595974,0
364,49,2,4831.907729400259,1,1,0,21219.52744707167,1
820,27,6,31092.099750127556,3,0,1,61616.196359094545,0
643,33,6,103410.66872965882,3,1,1,29713.705271812712,0
428,88,8,123216.14611186166,1,0,1,66130.18689961534,1
771,34,4,101072.43681371727,2,1,1,27206.298844174893,1
362,40,7,132734.41960302345,3,1,0,136920.61764117266,1
438,43,9,148782.91872642038,1,1,1,35332.095105089276,0
798,24,9,2480.9552819589076,3,0,0,171850.72590938868,0
691,31,7,116023.78986337598,2,0,1,165266.29963806178,0
718,24,0,240874.8102218971,1,0,1,12595.72023941579,0
588,26,4,129758.07003238719,1,1,1,180188.00754787176,0
678,65,2,169385.5668647383,1,0,0,15499.42018123974,1
789,89,0,77965.9644792208,2,1,0,55532.69914193576,1
530,76,3,193497.84453819063,3,0,0,16153.93617743906,0
340,56,7,193230.37046902877,1,0,1,73810.26253747003,0
327,35,2,130324.01191353473,3,0,1,107634.63988552161,0
434,76,9,244003.4558198034,3,0,1,161362.52511287623,0
500,34,1,31387.553690663346,2,1,1,74216.49458926887,0
332,31,8,4236.916222395248,1,0,0,144043.1046878922,1
347,48,9,192539.552939274,3,0,1,45625.846852606264,1
802,41,4,201788.88434122063,1,1,0,152613.706781384,1
706,77,6,30051.80728014406,1,1,1,54839.355122755136,0
398,62,1,66395.70823965152,2,0,0,37273.50362931591,0
846,20,8,4388.090841657227,1,0,0,45227.681571070316,1
761,54,8,73327.15269514118,1,1,1,44591.994487552525,1
304,60,3,193285.46847966788,3,1,1,107443.94708162831,0
517,57,3,129490.13192814474,2,1,0,170511.54042574775,1
802,72,5,87023.89829207202,1,0,1,25124.96462857607,1
697,56,9,92934.82372658257,3,0,1,144321.70051375031,0
692,32,9,338.4064288670385,2,0,0,134325.82733404296,1
506,21,9,74950.13189130898,2,1,0,175778.79084757884,1
314,42,5,161614.68540948263,3,1,0,56388.03649631237,1
760,30,0,243548.61095408926,3,1,0,95520.87315015563,0
540,50,8,211765.20674597487,3,0,1,185907.2011442683,1
395,33,1,5898.7411613822815,3,1,0,135398.75552571026,1
784,59,4,224640.15116870982,3,0,0,83865.99844370341,1
706,83,8,195799.6033246565,1,1,0,34968.35274250101,0
530,72,3,195094.0308927451,1,0,1,59872.1515011123,0
470,59,2,114498.93975089287,2,0,0,120430.94072298282,1
840,51,6,99501.3232386257,1,1,1,146451.9100364976,0
335,47,5,75728.93220829815,1,0,0,33640.15850185976,1
824,30,7,16423.714738591443,1,1,0,123923.47940837026,0
459,30,2,57058.84087342478,3,0,1,114566.7429793627,0
542,35,4,61650.90874450615,2,1,0,107651.53487123453,1
385,49,9,121019.2674275504,2,1,0,141123.3923595815,1
327,56,3,186861.1016491735,2,0,1,169115.42306585776,1
639,63,3,118452.45709948665,2,1,0,71368.039803605,0
630,46,3,14461.112361790152,1,0,0,178912.3161210823,1
805,79,9,239447.45024705096,1,1,0,40520.386397524635,0
647,79,7,235681.07977352806,3,1,0,42874.53525272122,0
772,74,5,196297.3857871021,2,1,1,60686.69208854555,1
530,33,2,247831.97539105514,1,1,0,32710.865213944784,0
489,73,9,136120.58320006574,1,0,1,53760.65268974674,1
524,27,4,240692.08756330152,3,1,0,30218.234951540475,0
684,47,5,18901.260154187694,3,1,1,166132.95922722417,1
676,42,4,91420.18706534283,3,0,0,36404.10845845867,0
582,22,5,56345.31700169146,1,0,1,151986.5359363728,0
558,82,7,48958.27103356751,1,0,0,19103.634903533413,1
658,66,6,35200.737223169024,3,0,1,190218.86222764387,0
755,20,4,155603.41039149917,2,0,1,145120.41663027558,1
710,62,9,195330.46393682627,3,0,0,11291.34423136124,0
617,31,5,144574.59985509017,3,1,1,155132.73503804067,0
524,47,3,36740.677397052415,3,0,0,107675.56494557521,0
533,85,8,202780.94248336772,3,1,0,158079.38236367275,1
673,35,3,158988.67679093214,1,0,0,109274.3936892118,1
771,79,0,97041.42653174888,2,1,0,131794.72295071738,1
532,54,6,168532.57388401573,3,1,0,159403.0145250577,1
412,42,6,64976.24481070821,2,1,1,86970.53037169277,1
796,65,3,86298.05212355262,2,0,0,10514.548465885897,0
741,82,2,229371.46078299754,2,0,0,171489.8342295858,0
567,70,7,72626.12641785509,3,0,0,82369.1688986859,1
809,32,4,117497.06703948414,1,0,0,104248.11794315078,0
685,66,9,222535.28434900366,3,1,0,11475.662009254056,0
686,85,6,176930.33756688188,2,0,0,103497.48196651862,0
412,29,3,15550.806541175689,2,1,1,197432.6062986286,0
380,76,3,36825.761069742584,1,1,1,62870.85555556623,1
412,54,7,1960.3976929792045,3,0,0,85129.47134605184,0
301,78,7,157730.44755729084,2,0,1,140566.09932904856,1
519,60,1,111918.35635260458,1,0,0,164810.79682949514,1
524,87,1,33568.71272556888,2,1,0,89304.40856115906,0
684,56,2,239483.5302641926,1,0,0,68837.08537624558,1
702,73,2,132414.93098640497,1,1,0,188186.90199716276,0
429,80,0,60473.323528222296,3,0,0,138657.54366761714,0
352,63,2,125150.8927886769,2,1,1,32614.047853696804,0
715,28,5,169905.08318377694,3,0,1,23096.296845583238,1
546,79,7,19059.80449339112,2,0,1,101874.47165017012,1
738,42,9,68675.953761973,3,1,1,51817.112548981764,1
502,88,5,201741.3727209984,2,0,0,58257.10314148816,0
483,69,4,114916.21760066532,3,0,1,176761.51397729115,0
422,21,3,136644.28550807372,1,0,0,27017.544620099026,0
700,76,2,108204.00055236732,2,0,1,145919.18189348903,1
593,89,3,10974.98566075128,2,0,1,61517.028142311734,0
579,37,6,41437.44495503898,1,0,1,154462.36206678615,0
497,80,0,111385.40968547272,3,0,1,147258.16304807347,1
810,71,6,52296.36635198195,2,1,0,11404.461274415675,1
443,74,0,12494.757164919683,2,1,1,106735.72845510383,1
500,58,1,210912.41601295595,3,0,1,36470.701651828815,0
423,20,3,245298.13229102895,1,0,0,174583.13580994858,0
486,23,0,198285.71849918485,3,0,0,175601.31774385725,0
625,22,8,213446.23042616676,3,1,1,89485.70342381403,1
763,22,5,60494.282579261344,3,1,0,94435.1675057053,1
648,71,0,240156.74387829995,2,0,0,67623.75848686014,1
702,64,0,49231.4261133571,1,1,0,146155.1968024059,1
645,66,5,237857.45259045807,1,0,1,78145.65897502724,0
810,26,3,248704.82349148777,3,0,0,60880.57015930042,0
446,37,3,177930.70143651217,2,0,1,92123.90130585656,0
447,78,5,245285.93294795547,3,0,1,27382.628493617158,0
788,52,6,142384.94489177593,2,1,1,151854.60888239872,0
637,67,8,64885.445794022584,2,1,1,12393.316241639523,0
772,79,9,109248.97141640521,2,0,0,132452.16168891283,0
450,34,4,148390.2338446965,2,1,1,44744.26008342576,0
714,20,8,18270.39050675375,1,1,0,54156.768780738494,1
597,49,3,155585.81615431153,2,0,1,130770.0797416076,1
562,30,9,245294.45919057363,2,1,0,198659.25849875237,0
443,85,1,47526.91244593191,3,0,1,157766.32292378464,1
645,31,2,198148.77907209581,3,0,0,52909.53012244448,0
301,28,0,226974.69844490485,1,0,1,43444.70345781542,0
603,73,5,235925.39820505521,3,0,1,174584.24535085738,1
553,84,5,240033.90110136181,2,1,0,94394.95010508581,0
752,46,0,130364.90968036799,3,0,1,36040.032537349536,0
336,26,2,244326.97699787593,1,1,1,173820.17043116826,0
459,84,4,189327.55178360973,3,0,1,165057.54705370966,0
308,42,2,40417.85905924047,3,0,0,196942.20914046108,0
532,59,9,119225.0266169925,1,1,1,182851.30047540995,0
398,26,2,179582.79384300098,1,0,1,171840.1643455029,0
507,57,9,61835.078954770834,2,1,0,19989.135584090596,1
430,42,2,160153.79588722184,3,1,0,29838.920204642425,1
703,22,4,166650.11976165482,2,0,0,118106.80691778334,0
451,28,4,40674.93595214147,3,0,0,110981.05679354597,1
353,76,3,141271.32811318908,3,0,0,97013.01075301174,0
419,55,0,192906.72774465193,2,0,1,85389.971828771,0
719,89,4,124723.91613398548,3,0,1,91929.9921242225,0
721,22,9,3025.779194026856,3,0,1,118166.6074856111,0
403,65,4,2259.6172698230444,3,1,0,10394.53834401543,1
553,35,3,89257.33599250304,1,1,1,59534.66708524192,1
526,87,5,231548.5171079455,2,0,0,108473.1469308551,1
411,54,9,57169.19490090219,1,1,0,147221.0587479928,1
809,77,3,158590.9222179218,2,1,1,43089.771555125306,0
772,65,6,55518.967673330146,2,0,0,113907.42301961227,1
398,45,6,80417.49741488716,3,0,0,145747.33993829854,0
452,86,1,212010.522400371,2,1,1,94479.25500364188,0
637,57,2,182215.36056748673,1,0,0,15145.415397309698,1
462,62,0,23849.819328302656,1,1,0,95360.95010847098,0
460,79,7,107175.5052466084,1,0,1,66324.5286713891,1
697,75,8,7292.440911316117,2,1,0,186633.42546325238,1
576,84,3,120222.53665075226,1,1,0,33676.5432788822,1
803,73,5,165608.502925267,2,1,1,133970.4315463741,1
691,57,8,29625.65589953789,1,1,1,20016.75560355522,1
434,57,5,72221.23472729142,1,0,1,94772.38318441233,0
494,50,8,99459.15637553923,2,0,1,115256.10257181531,1
700,23,3,229882.75616401245,1,1,0,66611.43695020443,1
332,36,7,248313.753855741,3,1,0,96464.37074887304,0
759,57,8,11227.824748903964,2,0,1,41075.220960735605,1
769,76,3,190251.98087384802,2,0,0,67783.53139892686,1
674,76,4,92931.0166005858,2,1,0,128010.20173293857,0
321,65,7,98114.54655737,3,1,1,67342.01061361947,0
337,58,9,188566.24333675567,2,1,1,180951.18489768563,1
529,30,5,229606.60803635215,1,1,0,129397.32195178805,0
664,62,6,237732.1486256371,1,1,1,93343.31350283705,1
737,70,2,144280.6465095802,1,0,1,17363.81775529467,0
582,59,6,89280.2898251257,2,1,1,104914.18368888754,1
326,80,7,196887.27146469482,1,0,0,155307.48600376694,1
525,44,9,62750.34581557506,2,0,1,60455.94362235859,1
576,55,5,141018.50720837945,1,0,0,163286.9782332658,0
583,77,9,89644.61538121829,3,1,0,57843.28554966748,1
780,24,8,164157.76842696904,3,0,0,166511.8137106521,0
752,22,5,60099.728223376726,3,0,1,26200.984906218706,1
815,62,8,47898.23643370644,3,0,1,174574.90468511562,1
846,75,3,229559.77166885926,2,0,1,104845.4256773328,1
491,48,7,25450.920737384226,1,1,1,66342.14202784978,1
348,40,3,126489.47693373292,3,1,1,60371.517578878265,1
811,59,1,55213.19574075223,2,0,0,92082.00619676891,0
316,27,9,9732.490831416862,3,0,0,199819.40463969254,0
471,49,8,9004.704572856597,3,1,0,51862.204753140686,0
519,70,4,43805.44302645684,2,1,1,29611.163287009927,1
457,47,3,216692.58862650007,2,1,0,121156.68205654576,1
776,56,1,70619.68599425667,1,0,0,102823.06862364885,0
345,48,0,237614.79264382392,1,1,1,109597.2915020284,1
672,19,6,145405.5732472984,3,0,1,136717.72933587123,1
817,29,5,109153.54744219153,3,0,0,60757.37327542337,1
398,56,1,145022.20866736365,1,1,0,183026.34912293882,0
336,83,7,129174.59630656693,1,0,1,92777.69256323516,0
579,30,3,189694.06343933128,2,1,1,34526.37707706774,0
648,63,7,70624.01649321307,1,0,1,151036.76377944942,0
796,44,6,88262.59790007559,1,1,1,132189.82699739153,0
601,34,4,223523.5756333127,3,0,0,69991.24647196705,1
480,77,9,236614.12828760137,1,0,0,128088.55756646922,1
398,81,9,223139.55687161864,3,1,1,51773.771710105604,1
415,52,7,104861.9984893284,1,1,0,94519.47827470061,1
490,87,8,195091.37575172042,2,1,0,180888.3792117918,0
552,47,4,119083.9333252747,1,1,1,35371.504300542394,0
460,88,9,124384.96303652554,1,0,0,83472.32549761779,1
555,80,4,51170.02726432099,1,1,0,166017.06069686598,0
622,45,1,147782.57581462912,3,1,0,194203.27088717386,1
427,77,4,46533.97443833698,2,0,1,96245.96592014123,1
317,54,2,82891.17476679845,1,1,1,106329.92782723601,1
622,39,6,213757.55040498378,3,1,0,118712.67273891624,1
587,85,9,51768.952302713806,2,0,1,187146.14691040505,0
454,37,4,17789.571293358204,3,1,1,173059.29028563565,1
789,85,7,17251.898153204074,3,1,1,42414.21367811243,0
685,81,0,235196.13012577698,2,1,0,92983.98539094425,1
403,34,2,126730.10949045865,1,1,0,98160.08135732099,1
692,29,2,102353.01795425458,3,1,1,159928.2612132638,1
545,39,8,202719.64525197961,3,1,0,124549.6476950327,1
475,34,4,208956.481977629,1,0,0,134301.88778551246,0
338,27,8,83047.75827890115,1,1,0,199657.98245646735,1
776,82,8,173404.5143684488,2,0,0,24242.40825930248,0
837,39,0,192780.70396297163,2,0,0,52371.86647140927,1
707,67,1,163662.67171648864,2,0,1,87500.2281005939,1
824,31,4,37898.76870002484,1,0,0,76078.65657928857,1
805,81,3,218970.77087926425,3,1,0,14112.656655926883,0
335,64,9,134773.63818400216,3,1,0,27437.745229523407,1
319,46,8,70618.10659250092,2,1,1,139381.12536667948,1
620,53,6,106307.04635942348,1,0,1,177071.64803888652,1
811,69,5,9392.772599726844,3,1,1,107703.13214053574,1
699,24,6,31966.70030560439,2,1,0,112446.30510759026,1
770,46,0,191386.6876289652,3,1,1,58467.75223815208,0
442,28,0,2.9086888415352785,3,0,1,155896.50909040516,0
391,50,7,104141.45712057305,1,0,1,152840.9715997787,1
653,23,1,130627.54527139712,1,1,1,121789.48095135477,1
350,49,9,13658.605000243073,3,0,0,50406.21443715514,0
489,68,8,243269.5407430832,2,0,1,28433.461465046996,1
424,75,6,56531.33281241798,1,1,1,22205.32941285392,0
449,43,5,76049.67990907021,3,0,0,122612.25266214677,1
613,63,0,75985.62806375683,1,0,0,166756.710637132,1
641,46,0,57604.16552933748,1,1,1,173082.7820383757,0
604,21,1,368.455521577854,1,0,0,98088.19412525547,1
353,30,5,182336.1985219991,3,0,1,159011.5468682762,0
743,56,5,241711.37494982133,2,0,0,189907.2373047945,0
563,32,1,56073.37082126126,2,0,0,62282.32137273292,0
352,46,0,165761.7979508556,2,0,1,85612.46581234386,1
304,46,9,185474.08173967878,1,0,0,186981.00859336933,0
402,49,4,212106.3447726312,3,0,1,74263.88379028413,0
495,19,4,105657.29925340228,1,0,0,183636.4951611413,1
649,64,1,75732.72641010731,2,1,1,196398.5238283485,1
346,39,5,81323.78350575778,2,1,0,135744.0384291407,1
568,44,8,178155.3332746282,3,1,0,165209.15500579198,1
669,84,1,204194.866626409,1,1,0,152413.6572020062,1
405,73,9,45403.49193915066,2,0,0,142911.50894694953,1
419,38,1,92735.2520394413,3,1,0,68316.90386643418,0
357,64,2,225485.0491872875,1,1,1,20847.924202509304,1
645,76,6,201673.3799236848,1,0,0,75179.8291787336,0
773,23,5,246214.60069061894,2,0,1,136717.83718874224,1
416,36,7,188562.06492052018,2,0,1,29480.54766328226,0
426,74,7,98298.80025698057,1,0,1,12264.416765865997,0
692,86,5,147659.45849865943,1,0,0,36541.550794558345,1
357,20,9,165253.5635618301,2,1,1,145989.8260180511,1
812,18,2,19613.954079280986,1,0,0,194830.80331472436,0
395,75,2,136124.23977596627,2,1,1,196782.2929268159,1
417,55,0,177330.2071181524,1,1,1,103856.0383366357,1
787,32,6,41830.32600026509,2,0,1,175176.937188546,0
536,51,4,195157.9293563893,3,1,1,149997.02659278578,0
571,78,3,145943.1951285279,2,1,1,105197.64502707466,0
488,52,9,238055.44642439866,2,0,0,118824.50126146649,1
746,81,3,10605.574551722924,3,1,1,36073.1578572055,1
546,42,3,66331.53438886674,1,1,1,188155.67751715248,1
375,41,5,150388.46982495603,3,1,0,76866.65643903759,1
453,29,7,74139.97805148267,2,0,0,94768.3587268622,0
734,35,7,178606.04101781055,1,0,0,137615.44388960075,1
385,32,4,189751.32063048275,3,0,1,73441.46959004525,0
584,44,5,25628.991016618613,1,1,1,58309.2405878968,1
519,89,3,128463.61605169193,1,0,1,129899.3847213419,1
368,77,8,127222.63889776397,3,1,1,14746.975633551396,0
346,63,7,92320.19255388527,1,0,1,146937.771285069,1
393,34,9,233231.215642418,3,1,1,107664.44027653686,1
752,70,9,206876.5799683053,2,0,0,125093.20879897753,0
503,25,0,174302.3454774092,1,0,0,130057.23025690817,1
517,44,1,178581.6589337494,2,1,1,110139.5297335871,0
773,63,8,115429.03595327977,2,0,1,120681.41771373984,0
731,67,7,230248.63027414397,1,1,1,139919.75816907617,0
640,88,2,173648.85681332136,3,0,1,153092.5809641381,0
588,20,7,182245.2654139541,1,0,1,148215.9543443629,1
553,81,0,215422.72594683632,2,1,0,175227.12696912972,1
656,61,9,68517.89733554775,2,1,0,45994.252301806526,1
322,70,3,201767.72596667576,3,1,1,86218.11420344154,0
821,41,2,48810.15073912301,1,0,0,190081.25254274684,1
399,77,5,86335.48806122196,2,1,1,85352.20913340265,1
479,20,6,83902.61356746068,2,0,1,33725.31461212531,1
522,37,3,244631.36709728514,2,1,1,109834.57400881412,1
741,63,6,214134.30593698172,3,1,0,30803.284785347812,0
624,32,8,175292.46539756493,2,1,0,48542.11535829439,0
815,42,1,181764.19040384752,2,1,1,199680.56374848177,1
315,88,2,140518.19860064276,1,1,0,112858.90129526508,0
635,34,4,236772.66677712978,1,1,0,63971.093917681515,1
557,26,2,124064.68822059038,2,0,1,199007.24136904217,1
796,55,7,95129.42746747364,2,1,0,193646.1945254772,1
459,65,9,40758.83423289775,1,0,0,93740.41780601007,0
774,77,7,196551.4130652645,3,1,1,59476.59066970259,1
679,80,7,183610.98301889785,3,1,1,169295.9312375161,0
844,19,8,96088.75963103372,3,1,0,145967.9362246393,0
726,89,3,6298.35348980734,3,0,1,140518.87265066698,1
567,28,4,209749.3319295027,3,0,0,179691.6108512698,0
716,81,4,2854.495863518408,3,1,1,140989.2554355517,0
467,89,7,175924.94490726275,3,0,1,63921.60917789434,1
342,38,6,242564.27743151426,3,1,1,141834.00075638914,0
584,35,8,109415.33203705087,1,1,1,68104.56714389616,0
696,81,7,58743.35124898819,3,0,0,154255.40613482907,1
311,55,1,176217.75251084543,3,0,1,127752.09235339754,1
601,49,9,204282.03550389627,3,0,1,24708.19487710261,0
552,28,3,136607.57901946182,2,0,1,107438.718862677,1
798,62,5,241758.81881403655,1,1,0,75227.18414719077,1
334,50,1,12917.180414490276,1,0,0,72428.4202191359,0
389,58,6,126198.89957613204,1,0,1,124428.69745167888,0
717,25,2,179613.48683063753,3,1,1,71241.71664919073,1
414,28,2,215660.11778729473,3,0,1,157609.8121589258,0
495,68,1,44813.90297694751,2,0,1,23450.372842123143,1
800,58,7,200000.87044092035,1,0,1,135473.76795520683,1
792,34,5,138176.7689296363,3,0,1,163747.01269478083,0
374,63,0,99138.4204974908,1,1,0,137838.0210848817,0
712,49,0,32928.75714477339,2,1,1,104473.5470537992,1
675,71,6,216323.9397272281,2,0,1,190558.33260987443,1
719,37,7,39318.30204492884,2,0,1,66988.31306163209,1
576,50,4,77446.96480227482,1,1,1,13641.898629745778,1
693,57,4,72511.38299060921,3,0,1,92077.98057805376,0
756,49,3,217853.50854771357,3,0,1,16272.267821062178,1
491,19,5,168175.7485522245,2,0,0,191247.98298001767,0
398,50,5,199170.3492978431,3,0,0,49884.42869212979,0
847,47,2,62616.974698124744,2,0,0,159896.1345502871,1
395,50,8,156218.52490174974,1,0,0,157168.69580312932,0
489,43,6,142936.49578593718,2,0,0,51368.49093975737,0
336,39,0,208207.59419706778,1,0,0,128033.04079123179,1
668,83,6,226521.76512031513,2,0,1,19135.00401242554,0
824,55,4,3039.1928693467016,3,1,1,101879.17128373482,0
578,63,4,168504.97976469816,3,1,1,12782.95418177248,1
516,32,1,12958.949779932254,2,1,1,185017.33723435993,1
572,61,3,137214.66626933898,3,0,1,195456.34459791862,1
361,66,5,71908.18226091955,3,0,1,52233.7256613312,1
641,78,9,76694.1498805353,3,1,0,49540.14657331083,1
696,84,6,88239.62586308914,1,0,1,153206.83354680464,1
318,23,4,155323.11226240252,3,1,0,58142.08577757355,1
476,26,8,83512.4914171923,1,0,0,180064.54624075055,0
695,23,2,183174.7626475701,2,1,1,119046.53586336663,0
744,49,0,101131.84639346742,3,1,1,76647.7483719593,1
532,58,3,17088.300077489654,3,1,1,168211.8118063898,0
375,25,8,195939.9606210268,3,0,1,103747.27307854508,0
564,89,3,71439.5811481765,2,1,1,183210.25360461036,1
754,67,1,108191.71989981565,1,0,1,186322.7049785824,0
683,79,9,171360.97080547537,1,0,1,41429.82890439777,1
805,79,4,83114.039287178,3,0,0,10441.447165066751,0
666,24,2,14146.414036678905,2,0,1,196946.87862705643,1
443,21,8,93480.26175320339,2,0,1,182166.13186422107,0
368,23,3,236112.14567357587,2,0,0,20534.594783729866,0
398,75,5,160433.59932463954,2,0,1,168276.5101488033,0
695,39,1,167869.78716680172,2,1,1,96982.93718624926,1
324,43,5,158070.53840940996,1,1,0,59202.70495474529,0
768,20,2,49748.0347398592,1,1,1,176961.83949861667,0
783,58,8,104583.46602557003,1,0,1,47366.77415415838,1
450,77,1,187734.94959082955,3,0,1,189986.99988981272,1
443,31,8,25343.224388289786,2,0,1,49068.082662874804,0
338,29,4,69463.19402242807,3,0,1,126599.80566846127,0
408,29,7,69079.7771164634,2,1,1,52386.40356050523,0
341,30,1,108004.7318986265,1,0,0,113677.0463440406,0
485,42,5,245092.18523554626,3,1,1,139955.27468387684,1
697,62,2,16875.636670955486,1,0,1,46143.30685582614,0
522,36,9,129675.24859514876,2,1,0,108968.29871312904,0
432,72,4,44841.170503052614,2,0,0,99121.35143412261,1
462,62,7,242669.13635243603,2,1,1,23497.110066634836,0
514,25,9,28325.87618186605,1,0,0,165478.48535830755,0
534,70,0,100900.25059039782,2,1,1,73779.65612213992,0
308,72,4,184471.24620865154,1,0,1,119170.61753485711,1
373,49,2,176138.60700686133,3,1,0,107809.00463729554,1
791,68,3,105682.15922348306,2,1,1,107519.49586838402,0
552,61,1,86631.04198817955,2,0,1,30372.254899612613,0
529,87,8,99403.09463821765,2,1,0,90461.58175737322,1
818,35,2,66069.06578965981,3,0,0,95949.68424924834,0
473,39,1,51333.234676699954,2,0,0,149392.13966924523,0
467,54,9,120759.9243897225,1,0,0,169603.57806493272,1
469,73,8,67133.43901690183,1,1,1,113546.63283900342,1
692,76,6,71865.41622431253,2,1,0,26488.76127234819,1
493,20,5,164189.01586863925,2,0,0,55001.39941334379,0
816,45,0,242134.33292497305,3,0,0,41337.465102018905,0
328,52,4,150909.30013984378,3,1,0,33676.8620059337,0
464,78,2,19244.86676624157,3,1,0,79520.86673738343,0
721,71,0,18895.903463516745,2,1,1,53584.765409332584,1
638,80,3,237855.8052113915,3,0,0,51477.59124418734,0
795,24,1,74322.69757683341,3,0,1,20391.703169490855,0
664,66,1,23016.746520618857,1,0,0,13357.308511132438,1
641,48,2,149761.14678759538,3,0,0,29525.96610345854,1
799,75,7,155912.1945725665,1,0,0,42717.52109049028,0
810,78,7,162126.20502967204,1,1,0,91886.90848115859,1
626,41,6,66850.50696438532,3,0,0,106998.84964678048,1
516,37,5,3777.6710536187584,1,1,0,36712.46445293946,0
600,54,8,241253.84236361797,2,1,0,90708.8348895954,0
431,21,3,62723.26142277562,2,0,0,74932.28004192619,0
369,37,0,169006.57201313687,3,1,1,44850.49226461165,0
551,77,7,176657.4674696774,2,0,0,11299.742148189074,1
714,41,6,152501.85426987143,1,1,1,98733.39463913093,1
744,67,6,78226.84855341206,2,0,0,140273.8323603879,0
481,66,2,67774.06344101643,3,0,1,52992.69348732333,0
466,68,3,149417.0706756758,3,1,0,35043.297680369076,1
390,53,9,216523.90840292288,1,0,0,178538.12144492276,0
830,83,8,236683.4322308489,3,1,0,62254.70677268158,0
338,51,5,26476.45110093941,2,0,1,52486.397760606305,0
425,53,4,38707.15314942996,3,0,1,172848.41852588402,0
750,23,2,236184.06469576992,1,0,1,165250.34884168464,1
472,56,8,184133.80708369814,3,1,1,95185.82939968038,0
519,59,4,220748.45620744326,2,1,0,102955.38367127716,1
357,75,4,50658.15853383579,1,0,0,51372.25391846418,0
775,29,3,146896.46777735045,2,1,0,24877.317391115925,0
755,20,3,175284.8986043684,1,0,1,118952.0468175756,1
660,35,0,170027.97136174317,3,1,0,28685.535102140493,0
300,57,6,102037.92271667453,1,1,1,95362.16392176347,1
686,38,8,3848.722922827119,1,0,1,188694.46771747203,0
647,32,2,145731.5142010658,3,0,1,191038.53394241104,0
489,43,1,63275.38479490219,2,0,1,55473.13444399813,0
804,25,2,112563.56153572259,3,0,1,128581.54980867433,0
490,59,0,239395.25377095432,1,0,0,100074.49018049295,0
807,61,5,99758.82941060868,3,1,1,176380.17424136013,1
668,31,6,209950.40166610669,1,1,1,61571.86421245011,1
708,19,1,47135.15143731279,3,0,0,10703.457298159201,0
416,54,7,168115.1245062572,3,0,1,40886.629126968866,0
433,86,5,244251.73860973588,2,0,1,76409.33222218562,1
357,55,3,25473.275218234197,1,1,0,69987.01465639283,1
472,58,4,2079.985556798003,2,0,0,160358.95463334833,0
448,79,7,108395.69815815358,1,0,0,139306.52656637918,0
379,77,2,23156.370762841798,3,1,1,66915.70072683049,1
512,31,2,187096.08741905785,1,1,0,96971.32526158054,0
502,19,3,228637.16596213973,2,1,0,28156.22975208369,1
528,87,0,108505.24317718971,2,1,0,180647.82451581914,0
526,34,8,64677.91053886024,2,0,1,187730.7166452215,1
831,45,7,108600.82975165245,1,1,0,196162.67172237823,1
740,83,7,180861.95446250026,2,1,1,175025.03784930916,0
701,52,9,2263.540395092745,2,0,1,43052.56866228285,1
346,22,5,147363.4973711743,2,0,0,18777.33180830948,0
532,82,6,153322.92122184476,3,0,1,120123.37820840806,0
604,57,5,159422.06172398388,3,1,1,183394.95510779097,0
825,73,8,60505.51999521931,1,0,0,43696.75871535114,0
442,53,2,178513.1808445317,1,1,1,11338.153778586953,1
714,62,2,22847.871582944103,2,1,0,163044.24874612642,0
812,40,2,49817.5841167002,3,1,1,24591.18001447946,0
672,64,9,219367.51166362048,2,0,1,88604.14606290578,0
558,48,2,184680.78768164158,2,1,0,138988.59406586917,0
770,28,8,3436.388502836313,3,0,0,54991.541236674224,1
311,27,3,62094.06509245005,3,0,1,25952.887054878072,0
629,84,6,53601.62074829114,3,0,1,156304.03340660746,1
657,31,8,67701.58200924314,1,1,0,129733.26612853787,1
707,27,6,61889.9425699716,1,1,1,197813.1920524929,1
672,18,8,15631.573935711434,2,1,1,75418.52633079226,0
307,22,2,114735.12914920508,1,0,1,21734.853395137943,0
421,37,3,183183.3686965413,3,1,1,149526.50671370619,0
647,25,7,151682.9311793591,3,1,0,109129.34958211667,0
389,60,5,168217.91714951996,1,1,0,50508.746963935664,1
615,18,4,20287.29463405979,2,1,0,158528.5079109043,1
477,74,3,237872.6775441968,2,1,0,48713.54231148931,0
839,81,7,209622.9584607562,1,0,0,59525.71441825795,0
340,45,0,201272.57962391566,2,0,0,27580.425329676636,0
801,54,8,205745.95126044189,2,0,1,85892.13301586235,0
444,64,0,233177.62703319034,2,0,0,89596.5525481096,0
500,54,7,136063.49152842443,3,1,1,107766.74016617669,0
760,66,3,50070.504466906474,3,0,1,144703.21075351772,0
846,61,8,154195.9019631353,1,1,1,182159.1764492809,1
552,73,4,185720.37341698474,3,0,0,36169.47878868364,1
689,45,2,184479.34833850636,2,0,1,20326.13868624484,1
555,23,8,130362.25604172003,3,0,0,13520.934382923324,1
749,78,8,17114.679833394515,1,1,1,37288.06183307509,0
309,37,3,92778.23460753195,3,1,1,135010.4022985089,0
541,19,3,230191.65211583933,2,0,0,148220.64481933435,0
550,54,7,146112.2274393565,2,1,1,159436.08557034322,0
304,37,1,134582.98581392836,1,0,1,56304.56026182511,0
418,43,8,67213.37859554838,3,0,1,68120.01451968879,1
673,46,5,92112.22997914473,3,0,1,101795.5826574449,0
364,18,8,223836.52228829233,3,1,0,22004.78840344303,1
445,52,7,166615.76188170892,2,0,1,126116.88941013676,0
523,87,6,196846.7566880832,1,0,1,196909.65639839397,1
538,76,0,113586.35576691378,3,0,0,78553.19916182049,0
476,86,2,157561.80486403947,2,1,1,153041.02026736294,1
581,50,1,62095.90218580188,2,0,1,105006.44395822551,0
362,68,4,176365.20757087157,2,1,1,34284.25042847272,0
516,29,4,106900.33342583432,3,0,1,120625.1152724914,0
760,37,4,110636.3787036864,3,1,0,66976.11100437233,0
404,70,3,162330.58114422043,3,0,1,16536.609606157064,1
398,60,4,234070.15536723167,3,0,0,130636.64872237132,0
810,67,2,16001.58665215523,3,1,1,173197.14637169824,1
684,46,0,206185.8093367519,3,1,1,75506.25571097608,0
704,74,4,73095.77760304828,3,0,1,84156.1539704264,1
817,56,8,110979.86362659445,3,1,0,179294.1197637702,0
775,73,8,5478.332193752239,3,0,1,164585.67453979762,0
736,60,3,75261.51945857826,2,0,1,145841.03647483766,1
322,67,2,125657.81065753262,3,0,0,57271.442113098106,0
757,40,0,14044.019336859754,1,1,0,182941.16444366245,0
382,61,1,122773.93234579128,2,0,0,39338.99393245047,1
444,55,7,231777.65721460682,3,1,0,129086.39868927214,0
384,40,0,26348.304526951306,1,0,1,15472.224303838553,1
377,62,7,191110.18201887608,3,1,1,132306.7632017397,0
756,69,6,102417.76334399816,1,1,1,62657.42685593837,1
300,67,7,163793.4286310845,1,0,1,95438.62566490681,1
350,25,5,65059.14949630734,1,1,0,75600.26489084009,1
745,18,8,39873.065635339575,1,0,1,42823.78368677988,1
748,25,2,40115.65356780661,2,0,1,128176.35011783607,0
787,46,9,17622.98641078616,2,0,1,177575.35547671543,0
333,22,3,46411.67622531075,1,0,1,192226.00603365665,1
647,64,5,166054.84624724207,3,0,0,46545.80899924386,0
394,51,7,220422.65296087702,1,1,1,146300.82707196494,0
371,82,4,203531.42139779046,2,0,1,136224.47965507963,0
453,72,2,171283.57746862102,3,1,1,75241.78001916879,1
549,60,5,27607.96585277567,2,1,0,13628.847877207909,0
737,47,3,72296.86157398747,2,0,0,141060.33698944456,0
417,34,8,77451.71883061725,3,1,1,189644.02350630503,1
605,43,2,62489.2365994053,1,0,1,130102.82316397376,0
567,25,3,128751.41492743079,1,1,1,92705.61759565047,1
353,64,6,133888.45371991815,1,1,0,109779.23988120939,1
535,89,6,89221.49379277755,1,1,1,47929.47345538433,1
688,63,3,88447.289684109,3,0,1,152603.39111321015,0
700,85,5,207138.89947652034,3,1,1,151819.76770187131,0
602,50,2,197323.2120799214,3,0,0,37648.28707361074,1
506,18,5,76948.95792018641,2,1,1,176815.89267493522,1
528,36,1,228447.11096831484,3,1,1,61146.050499928,1
374,48,7,238203.75425062652,1,1,0,196628.65157795683,1
734,31,1,81685.6355075102,2,1,0,82751.5726670767,1
402,70,6,88606.23719826371,1,0,1,43797.97115955493,1
721,65,8,126408.53835548971,1,0,0,76826.82115567394,0
605,86,0,235280.20313341837,3,1,1,93634.2624524667,1
397,79,7,219079.85828557788,3,1,0,23168.476877276018,1
634,83,6,25641.99064589745,1,0,0,119861.492432425,1
734,81,5,98182.68581785406,1,0,1,123550.16357509106,0
746,87,5,138342.79743744296,2,0,1,150396.78651639973,0
607,80,5,125783.118137885,3,0,1,15542.279535241225,0
548,50,8,48465.76698422317,2,1,0,112835.26074242772,0
465,58,1,214704.19279203867,2,1,1,20052.412321426233,1
780,65,0,169235.19574920935,2,0,1,143217.40179366415,0
634,30,5,209477.09371295088,1,0,1,20588.31728318705,1
841,48,9,214691.06983736804,2,0,1,183228.2911849102,1
405,85,7,187088.96341643494,2,0,1,143395.68770805435,1
380,21,2,109802.65031242934,1,0,0,106404.05536617985,1
432,36,9,152636.68875385614,3,0,1,93885.74542342324,1
437,87,0,40091.35152993579,3,1,1,34827.79977851985,1
483,30,8,168411.35436872693,2,1,0,65289.884017285985,0
700,40,0,44813.31393482019,1,1,1,175102.2299539703,0
629,18,2,173487.3976275392,3,0,1,181846.03419687384,0
807,71,7,57399.54018849217,2,0,1,10142.064590400902,0
368,88,2,29387.825037554994,2,0,1,122885.91438073474,0
845,32,3,41321.122535739356,1,1,1,146667.1157147716,1
352,82,7,498.033804767567,2,0,0,127561.92666694519,0
749,88,0,179684.90446338255,3,0,0,25519.155324607258,0
504,32,5,183100.26226459478,1,1,0,51367.73077179142,0
425,38,0,128733.33747831486,3,0,1,57564.650802463344,1
342,36,0,40340.70026384592,3,1,0,168027.67994796703,1
410,77,7,20888.584377672436,3,1,1,98007.89289869489,1
482,50,3,4782.241609321753,2,0,1,102497.360268835,0
394,66,0,41437.04424130518,2,1,1,187629.67884535663,0
673,52,9,222713.88374578668,3,0,0,131046.31888239595,0
819,61,6,60384.210425420446,3,1,0,180746.86329500613,0
659,28,4,88567.83180430392,1,0,0,96736.68251489126,0
580,89,4,26336.371120333297,1,1,1,38392.889118475905,1
494,83,0,55590.32618704257,2,0,0,186687.7628740763,0
494,63,9,129806.14269505128,2,1,1,97153.97197683227,1
392,26,5,151938.17077391315,1,1,0,44509.97015697615,0
360,20,8,61338.078541552764,3,1,0,67455.19065774523,1
350,43,8,14433.039806279301,2,0,1,19652.49204089903,1
702,89,7,97758.21728184966,3,0,1,98977.11237671318,1
304,65,4,58550.842731583536,1,1,0,172094.35266294496,1
765,83,0,54888.48080745048,2,0,0,187380.28664127097,0
833,87,8,239965.70067836382,2,1,0,187194.41942569232,0
704,45,0,154075.121481431,1,0,1,33793.704869461886,0
812,43,7,139219.61079302398,2,1,1,82590.23767710083,1
532,42,4,103943.77588083048,1,0,0,15363.46433363421,0
823,29,2,107236.08335753606,2,1,0,172481.41554457982,0
645,22,6,135226.2509595202,1,1,1,78163.59478404203,0
345,65,6,174107.45175902682,2,1,0,129912.2352995246,0
845,54,8,175536.52404545736,3,1,1,145830.70323468483,1
377,61,6,42923.47692636239,3,0,1,91670.48725119952,1
372,32,2,125028.18801915675,3,1,1,68224.04394454617,0
548,60,0,102989.5237585255,2,0,1,192820.45292202948,0
346,65,7,217631.74156734603,2,0,1,193252.7627545323,0
420,87,2,157854.7303045941,3,1,1,64992.90992570417,1
513,63,7,133126.01660399546,3,0,0,101128.76838144704,1
538,60,7,28848.660544729344,1,0,1,194840.39014540426,1
355,38,4,151409.47233085285,1,0,1,10924.997454545613,0
649,40,0,29300.976420058356,1,1,0,88408.86719203835,1
406,64,9,84301.64389143801,3,0,1,29086.934439384,1
347,32,6,35710.49120358297,3,0,0,106740.01345689449,1
636,42,9,173018.41175609222,3,1,1,14687.291362692558,1
325,53,4,51563.02845903815,1,1,0,87310.70196421929,1
556,68,7,97964.8432970065,2,0,0,51932.82420921367,0
307,32,8,223918.69440469466,3,1,1,111328.58886716075,0
552,85,6,51079.095849742575,2,0,1,199238.79332913292,0
602,38,6,126951.26598969477,2,0,1,162101.85997408206,0
355,30,0,104817.9152915055,2,0,1,170671.99740864008,1
825,36,3,4531.010261432433,1,1,0,130700.34759822537,0
773,51,1,198189.5283932032,2,0,0,17896.371171729126,0
327,85,1,17261.47657864993,3,1,0,49291.55844838738,0
377,69,1,118563.7552442384,1,1,1,185762.26572494046,1
515,44,3,140169.5737347375,3,0,0,79561.49240646273,0
685,46,0,157106.61415364678,3,1,1,29690.978031351162,1
664,45,3,172157.90732696888,1,1,1,143457.01951457837,1
825,52,1,63318.09588067877,3,1,0,66896.96754750838,1
611,25,4,2494.6941646123432,3,1,1,61082.81345179262,0
306,33,2,180860.915588728,1,1,0,199615.71655606947,1
302,53,7,133914.14983689465,3,0,1,173046.39575506432,0
662,47,3,209029.42580181218,2,1,0,87508.1854898898,0
807,35,0,205347.09072517356,3,0,1,196249.62948513482,0
573,19,0,210831.5419469708,2,0,0,133521.5124496506,1
805,66,9,121273.66499488504,3,0,0,150984.26585715445,1
314,21,2,83407.09895921641,1,0,1,15987.478185620203,0
491,24,8,197889.5506478425,1,0,1,33104.99927613085,1
784,56,6,112823.52825731374,3,0,0,130286.17403428529,1
327,30,1,45860.549100858625,1,1,1,180814.55670340193,1
338,48,8,213743.50489036858,3,1,1,128511.30795664317,0
572,88,9,220639.9691930868,1,1,1,35464.72992060844,1
530,80,1,116577.43903504252,2,0,0,31994.40878680168,1
385,73,2,18924.931827446868,3,1,0,170395.3202065755,0
773,59,9,96956.52247923281,2,1,1,36467.44435450372,1
425,78,1,200884.41486565085,2,1,1,108844.07249576483,0
836,59,2,225443.50713655716,3,0,0,17051.53079283743,1
444,73,5,50868.18562439896,2,1,1,25327.2558043237,1
824,53,8,16743.40300631788,3,0,0,137746.1708521443,1
511,85,8,219337.61328320968,2,1,1,140944.46798122817,1
324,24,6,97351.23474471882,3,0,1,74879.18725560405,1
693,71,2,135440.24106689083,3,0,1,50965.85539617851,1
366,18,3,242016.45301268974,1,0,0,164604.9514438885,0
532,61,5,16641.181978555713,3,1,0,51249.61359927917,1
408,62,4,162079.50186302388,3,1,0,112985.14323661214,1
445,64,1,18526.355643716768,2,0,0,193959.67976395204,1
410,30,5,93867.23211662509,3,1,1,38091.96319385292,0
527,39,2,200953.6362983617,1,0,1,188766.49082399468,0
410,38,7,108368.0581889086,2,0,0,44749.680083047046,0
769,26,1,249295.5884757376,2,1,1,117814.20952441361,1
333,43,0,139764.82123665055,1,1,1,81631.46527216147,1
668,26,8,80290.53815898838,2,1,0,193336.4342853469,0
724,32,2,55027.83147618828,2,0,1,61972.98551036802,0
817,27,0,87630.13357154046,2,0,1,85935.02039629318,0
581,59,6,93133.3184398877,2,1,0,196743.4223925299,1
619,89,9,17178.419430990245,1,0,1,111929.3743258099,0
742,41,4,92393.5498566933,1,1,1,105499.72196803817,1
614,66,4,116059.62993480623,2,0,1,58977.91275875835,1
676,43,0,180684.43805970118,2,1,0,143259.07645898388,1
588,54,8,164182.371180402,1,1,0,12730.860837777753,0
736,85,6,177191.41380728857,1,0,1,19407.39964343577,1
576,67,7,2090.920469214275,1,1,1,123878.13155580251,0
802,41,8,54416.849895134015,2,1,1,74918.16902550629,0
815,36,5,165421.07209996413,2,0,0,191130.1107181825,0
649,77,4,120997.34204493678,3,1,0,181606.23123732928,0
745,56,5,1328.3689170864866,1,0,0,145604.18914857437,1
649,35,1,201123.6606079556,2,1,1,165447.66041428226,1
436,36,3,193202.39332258434,1,0,1,136793.05143686174,1
542,53,2,137104.79074839066,2,1,1,33860.59951493053,1
842,72,6,16615.83144406803,1,1,1,155453.2402409485,0
339,86,8,191628.76238314615,2,1,1,49936.47405658081,0
528,64,4,145928.396932841,3,1,0,71454.14246903738,0
847,66,5,195489.99428948978,3,0,1,165654.50029945985,0
522,50,9,187936.74809896012,1,0,1,111939.86559475516,1
305,38,1,200750.51798945927,2,0,1,173388.73569484774,0
621,39,2,129502.01660115621,2,0,0,50476.7107702202,1
767,65,2,35081.12954837875,1,0,1,125477.90333530857,0
374,54,8,167789.36834492217,2,0,0,25920.284784169708,0
303,32,6,155118.44626299266,1,0,0,132181.58877260564,0
417,52,7,185563.29679977178,2,1,0,154881.4671773516,0
803,88,9,42470.251512683826,1,1,0,121136.86985595712,1
740,49,8,48743.7999750723,2,1,0,60583.985284773946,1
493,28,5,222602.3793048321,1,1,1,15955.107083184677,1
691,27,3,187494.4496130177,2,0,1,32695.287953214294,1
325,74,0,227057.12217508073,3,0,0,128237.56602406497,0
734,42,7,189678.83029098017,2,0,0,187539.84120007762,0
472,19,6,149288.82649757547,1,1,0,49241.53675468121,1
599,81,1,163533.1842569684,3,0,1,149654.96832996877,1
625,52,7,222281.98098500248,2,1,1,174625.7020173179,0
709,24,4,144701.68862798513,3,0,0,108967.6139050271,0
417,35,6,158097.83108209685,2,0,1,137160.50121029495,1
524,84,3,39119.17900090014,3,0,1,164852.91016846814,1
831,59,4,118480.30502902568,1,0,0,59528.27997071278,1
412,56,7,179099.27798952474,2,1,0,66410.17811092816,0
439,58,0,67735.67457909136,2,1,1,10119.228159406672,1
300,41,0,50563.54513113373,1,0,1,192987.88487058246,1
389,77,3,78456.7020561039,3,1,1,184333.5299733055,1
619,63,2,60375.15699820836,1,0,0,155267.97011429176,1
849,36,9,53728.15925909896,1,0,0,25024.443985563143,1
438,85,1,106212.71071702174,3,0,0,95025.54904290654,0
810,59,2,226959.62847088353,1,0,1,29359.433254595035,1
558,49,0,126764.91168467957,2,1,1,13024.850779931734,0
309,56,0,46980.09520383076,2,0,0,127074.76339039349,1
560,53,5,19242.91734521852,2,0,1,192557.5892452358,1
471,53,4,174039.03628448132,1,1,0,181544.92445210853,1
312,20,7,95699.69110909695,2,0,1,142383.41483772683,0
467,25,1,205457.73664633982,2,1,0,28361.71099132557,0
620,87,3,164877.69216019256,2,0,1,62091.16715773702,0
618,58,7,199060.36263534214,2,0,1,70810.77810820528,1
628,85,5,67986.50985461219,2,0,0,154998.51097165662,1
849,30,0,173089.73061526453,2,0,0,162427.34405467167,0
718,66,3,66015.4961734297,1,0,0,83170.16336808488,0
394,77,0,234767.1198625729,2,0,0,89397.95935734584,1
617,19,1,159093.57038334358,2,1,0,18456.717462472552,0
535,77,4,81127.95004383552,3,0,1,64935.97649956459,1
633,22,7,67377.96557306816,1,1,0,95744.1836637516,0
675,61,7,47731.64626791087,1,1,0,32226.77881319894,0
758,44,2,173660.23972343194,1,0,0,96120.81754345405,0
436,49,3,54678.903249481824,1,1,0,172103.40432898208,1
846,38,9,148825.81648187226,2,0,0,120450.99374776013,1
812,25,5,66158.75673133934,2,1,1,24996.67245729834,0
595,89,9,165492.23619846714,3,0,0,46417.550577752125,1
619,67,2,203734.9321351348,3,1,0,100163.42653012568,1
648,84,1,194506.3107861633,1,1,0,78682.5584661443,1
528,61,5,190212.83273269542,3,0,1,78158.13371375877,1
569,75,4,46930.60142306302,3,1,1,110560.81514728213,0
590,20,9,22096.236746129678,1,0,0,121035.22510199691,1
464,87,4,174737.2071218464,1,0,0,161403.69835247632,1
304,19,9,92086.80344858783,3,0,1,74783.64705787209,0
678,61,4,108086.55660083682,2,0,1,163038.59377771147,1
377,19,9,7787.273198347766,3,0,1,74336.13353140018,1
709,52,4,64894.1123187623,3,1,0,20532.267898834427,1
431,47,2,8419.100968616005,2,1,0,115295.65369091032,0
341,25,6,219796.4431503119,2,1,1,121701.44173001476,0
388,39,5,60849.17080463262,1,0,0,187562.6466681534,1
701,61,3,139334.29239325202,1,1,1,147951.65195187015,1
595,75,1,9744.830165282603,3,1,1,184376.80397394352,0
594,53,8,166711.8478264145,2,1,1,182585.96994617183,0
825,86,0,80756.83643852346,1,1,0,124869.080949066,0
721,48,3,224479.79673941646,3,1,1,110274.79241392504,1
322,64,0,222029.54723350896,2,0,1,115913.78376108398,1
442,72,5,81322.65459043694,3,0,0,195882.85345867707,0
444,79,3,225240.22392261698,1,1,1,156901.86143192218,1
524,47,4,249039.4183746947,1,0,0,30190.52191055521,1
802,72,4,206353.91603098702,2,0,1,157901.397288466,1
403,33,8,211217.83693880725,3,1,0,42402.229290662915,1
338,29,0,62252.18402727248,2,1,1,94996.60431106888,1
497,34,1,144175.59971443907,1,0,1,49987.337713541514,1
690,33,5,16813.978491841965,1,1,1,141020.78245131366,1
478,29,4,23729.48420541743,3,0,1,176688.84987667677,0
747,25,6,249723.15300832264,3,0,1,65168.758219669384,0
799,20,2,81659.81235647773,3,1,0,25582.040829555648,0
314,33,2,187045.9780122116,2,0,0,66713.68863424302,0
588,47,9,201666.26325670411,3,0,1,137748.75300711693,0
777,40,1,214505.8177518073,3,0,1,72464.42423534549,0
530,22,2,249407.07435053913,1,1,1,62841.31183522265,0
719,82,9,60374.12131421696,1,1,0,45042.68621101034,0
456,47,0,10087.706714924927,3,1,0,104528.12110614237,0
849,38,4,102797.87949864649,3,1,1,62430.27734986564,1
740,87,4,32520.167457236737,1,0,0,148891.9663365018,1
396,39,6,5606.4722905137805,3,1,1,24558.256378518516,0
710,89,3,90106.70678537153,2,1,1,136166.27629115034,1
588,49,2,195934.56276880912,2,1,1,55136.40276787627,1
553,50,0,141545.1728062677,2,1,0,102963.05959980459,0
495,33,7,78194.49730258851,3,0,1,64357.08518593951,0
821,55,2,163585.50137317993,1,0,1,147326.04844205116,0
816,31,1,58004.54507720268,3,0,1,189608.337647811,1
417,53,3,3595.361518021256,3,1,0,184244.5880992645,1
458,40,2,191088.34660910684,1,1,0,120850.98087737731,0
527,83,0,155935.77121600226,1,0,0,97895.9576188259,1
515,19,2,190575.65612524,1,1,1,165477.09679348255,1
314,82,1,9734.504171916402,2,1,0,139832.0088992687,1
456,84,7,209279.90695766304,3,0,1,44877.18170121725,0
560,69,5,154881.55000907584,1,0,0,165974.65058647006,1
456,79,8,140848.83767816002,3,1,1,91488.03398499494,1
346,40,7,156153.5120286329,2,1,0,45907.27539452327,1
623,43,9,216108.311717091,2,1,1,63541.496575333564,1
429,85,2,146734.12663972678,1,0,0,60830.13574718504,1
710,72,4,145237.59497204484,1,0,0,108649.32517465742,1
394,23,6,247669.78926644145,3,0,0,54530.317228796346,1
591,52,4,189182.541767142,1,0,1,33477.63260629947,0
582,39,7,110573.45136278382,3,1,0,33501.26161661454,0
368,60,4,176849.25000823193,1,0,0,120822.47745642836,1
310,32,0,97307.61792294712,3,0,0,149604.26488138194,0
553,77,4,57218.86562087475,3,1,0,71091.27167928475,1
849,29,3,149212.96922193986,3,1,1,16583.634864663247,1
433,66,5,232045.52452848788,3,1,0,34172.72851803204,1
322,59,2,232284.8800038657,2,0,1,183791.96646404086,0
645,55,4,85476.31952637258,3,1,1,103773.29532199608,1
601,62,1,131919.36655542374,1,1,1,96178.8338268832,1
662,52,5,52908.9746424653,2,0,1,17229.343878917272,0
695,47,5,248907.77737472087,2,0,0,148441.03424021084,0
517,47,4,245279.47696698393,3,1,1,110332.935377095,1
440,23,5,162377.23242686182,2,0,1,48395.37785643895,0
509,84,6,201103.51491936835,3,1,1,30914.014434400866,0
759,24,4,178775.040320925,1,1,1,82843.69409007972,1
655,69,0,148289.55475986705,3,0,0,169060.77319705486,1
623,31,7,13336.999247224423,2,1,0,174405.96624819466,1
432,32,3,113691.08563816527,1,0,1,124540.81227517092,0
426,38,8,168696.57554185262,3,0,1,148231.9211737271,0
405,52,9,169382.90347092116,1,0,1,31879.59960654537,0
677,83,5,93280.6546055959,1,1,0,121743.95243889242,1
350,19,0,235422.99666450763,2,0,0,136723.48366256454,0
328,52,2,41839.25805919525,1,0,0,48135.44015362052,0
761,37,2,125089.86155389015,2,1,0,177229.3992529492,1
595,27,9,172720.9941377057,1,1,0,47049.380128993755,1
596,42,3,174283.95147295232,3,1,1,69560.69837082559,1
706,83,5,162159.73919220388,1,1,0,127905.80093445713,0
704,42,6,68822.05336296505,3,0,0,131286.51237483884,1
645,71,9,39051.64217165549,3,0,1,142883.10078759977,0
719,50,3,158985.0817066777,1,0,0,31282.22548295908,0
481,53,5,149825.52903485944,3,1,0,171398.24168642552,1
300,31,0,44839.002572310244,1,1,0,111240.95513381937,1
670,82,7,176284.78639264085,1,0,1,99551.14087996299,1
730,71,6,113792.99793341411,3,1,0,196408.5486575668,1
608,69,8,166940.14790078823,3,1,1,150671.87641879375,1
436,20,2,209341.76994253768,2,0,1,32421.145057681224,0
501,58,1,42432.10714423079,3,0,0,153742.44177298574,0
735,23,0,4786.216999209169,2,1,0,28097.297454845204,0
612,42,2,194775.64659894668,3,1,0,15219.406877467121,1
416,30,4,152424.35628815397,1,1,0,86688.92010128046,0
543,25,1,174909.89240553044,3,0,1,198779.85283565155,1
836,38,2,209538.74374716062,1,0,0,43227.9478770239,1
374,85,3,200702.73370612512,1,0,1,137802.4252700901,0
685,42,6,240230.03673220615,1,0,1,42945.252579162676,0
509,85,2,133983.76971302956,2,0,1,147709.52524209334,1
774,62,8,122123.90816497634,3,1,1,106017.19696518696,0
717,77,7,100471.79997268252,1,1,1,139194.6249169815,1
646,29,3,38422.76071105114,1,1,0,48545.90342370457,0
828,49,0,143151.8082205056,2,0,1,151669.38317889537,0
478,30,0,69253.13108149469,3,0,1,199167.62132831427,0
481,48,0,230326.87805324385,3,0,0,136473.59511893237,0
324,37,0,145797.7010692744,2,1,0,103761.19963384676,0
479,35,7,148210.04512702755,2,0,1,185403.0578376603,1
800,77,2,88731.1652192525,3,0,1,13011.850024056497,0
460,80,5,12997.337994426873,2,1,0,148685.468664306,0
476,23,2,7935.941343247155,3,0,1,178861.83819462446,0
584,49,4,105833.78603829938,3,1,0,21718.170887981916,1
362,60,6,21141.344524309465,1,0,0,95512.19237899406,1
455,19,1,151711.73888503478,1,0,1,48896.696250499794,1
768,77,5,220243.25140991434,3,1,0,117638.45146168771,1
348,40,5,220728.70412968055,3,1,1,133413.1621346955,1
383,48,2,164761.3525330581,3,1,1,67498.40475646345,0
660,22,5,52807.957868232756,3,1,1,97396.51723883917,0
447,51,9,215749.207839718,3,1,0,63074.502202546304,0
641,27,9,221523.35882830204,3,1,1,80184.32124647162,1
775,19,4,49163.39623823968,2,0,0,40312.591770800485,1
362,28,1,184356.52144266933,3,0,1,178256.29428126998,0
659,67,8,71629.88723178074,2,1,1,11901.978006235922,1
626,48,7,200660.0780882324,2,0,0,177657.74542431982,1
440,73,2,249309.47497590067,3,1,1,118618.98688645032,1
514,26,7,7506.5013323482035,3,0,1,73014.99039363331,0
734,38,8,224341.466447733,2,1,0,147380.85383746264,0
617,45,2,155657.6333996645,2,0,0,106472.90885390622,1
331,79,2,243345.65479120528,3,0,0,104830.64504044523,1
584,24,1,116252.37938160691,3,0,1,30927.033754603624,1
604,33,7,211846.98264284345,2,0,0,84008.04492962765,1
728,21,9,15598.517149569308,2,0,0,55802.22571277996,0
776,21,0,83819.76251957394,2,1,1,12982.222063293133,1
585,57,7,16754.13443780249,1,1,0,78418.92984860152,0
443,34,6,243835.78336976763,2,1,1,27066.2045908649,0
723,69,6,204243.4768179592,1,0,1,58797.707167785185,0
318,69,2,213136.85531149263,3,1,0,27578.158024787946,1
317,53,0,234491.30785847356,3,0,1,29178.90885571578,0
670,55,3,21275.87152994634,2,0,0,47812.14593888577,0
474,67,8,96399.39812833334,3,0,0,199971.35645241605,1
493,80,4,17758.72226100053,3,1,0,10414.987142877268,1
801,80,0,52698.27538750716,3,0,0,131347.800862877,1
412,79,4,57341.44425941809,3,1,1,36836.30262504589,0
413,24,7,117276.80276189467,1,1,1,184919.3459750474,1
521,44,7,67140.54186341065,1,0,0,27790.249733389555,0
563,31,4,25244.52670444027,2,0,0,191462.00555398493,0
354,88,8,41872.77227352693,2,1,1,126076.01362186081,1
757,22,0,36818.89088802273,2,1,0,10240.934613943147,0
461,72,3,243269.19947807456,3,1,1,179861.36760419316,0
679,19,2,189823.1267296184,3,1,0,109125.24225971448,0
386,79,1,241940.3663173905,1,1,1,59907.249712792065,0
354,38,7,109935.12162697714,1,1,1,155783.04372796972,1
775,38,6,69592.12041566415,2,0,1,186066.4552385053,0
477,27,8,199573.29930229668,1,1,0,101901.25639789084,1
690,75,1,81563.47951028669,1,1,0,69955.16014419106,0
648,56,3,74845.84342633707,1,1,0,159899.5735476361,0
307,22,5,58126.498051957795,1,1,0,139539.2445798064,1
612,82,2,32419.74455605884,1,0,0,178862.97191255176,0
742,30,7,64115.765254191494,2,0,1,141577.66242462667,0
627,70,2,88829.93711847192,2,1,1,56270.384390911895,0
353,62,1,168498.5520364326,1,1,1,187015.25745421363,0
538,49,2,15641.210554862895,2,1,1,29918.79196913835,0
528,53,5,52626.734916335736,3,0,1,60909.1225203011,0
350,77,1,202255.9100729191,1,0,1,108836.97546753826,1
563,28,7,36730.48089594269,3,0,1,117490.98495347127,1
717,80,0,85661.28663063039,2,0,0,12909.011459112033,1
395,38,6,216164.730464535,2,0,1,158308.8179059786,0
387,69,1,38731.32778586067,3,0,0,78705.39050082401,0
377,72,9,20684.208904547475,2,1,1,87219.52279040619,0
587,43,5,121134.49877000271,1,0,1,163780.2134430197,1
419,85,1,75604.8778196341,3,0,0,82063.84442823347,0
790,51,1,140852.09112096354,1,1,1,18972.726534003414,1
751,69,9,200951.2226208688,3,0,0,43523.55638936656,0
799,69,7,34287.12203818579,2,1,1,191621.60275375465,0
464,46,1,145174.77113857123,3,0,0,23377.01885647769,0
481,55,6,126377.19009746598,3,1,1,77436.92818392308,1
768,59,2,36019.69650329989,1,1,0,105604.04173975547,0
306,38,7,155999.6213822456,2,1,0,103723.35719432641,1
629,59,6,68410.10446519291,1,1,1,10752.389172307123,0
450,30,7,121958.57963600312,2,1,1,105220.91897692316,0
384,81,6,20568.08106926547,1,0,0,82916.76701570775,1
446,34,5,114896.01430340577,3,0,1,194695.07374016586,0
680,26,6,76615.86701070509,1,1,0,40240.225958827665,0
847,58,4,205595.3027963386,2,1,1,77289.29738430405,0
584,18,6,14244.68174934207,2,1,0,89701.48216706575,0
381,19,0,104651.81872958249,3,0,1,84231.77204918028,1
813,77,0,114607.8560328595,2,1,0,136507.85725385387,1
822,65,8,181251.51907477967,1,1,1,50947.442934076076,0
685,46,4,143571.89377255275,3,1,0,52003.59503465844,0
770,27,4,166803.08429854526,2,1,0,148550.0802151621,1
418,75,2,194262.32141293903,2,0,1,105055.19854885412,0
695,77,4,215550.74341454718,1,1,1,88879.57845088898,1
831,38,2,78468.87418061763,1,1,0,42148.57981867784,0
560,45,8,134505.67634097574,3,0,0,45630.17235331166,1
555,51,8,210027.01960979996,2,1,0,12004.810995021104,1
525,25,5,247362.78274126412,1,1,0,27370.991083724755,1
352,76,0,222379.8277609408,3,0,1,115799.3519911458,1
799,89,6,92866.8156560942,2,0,0,179455.89470159786,0
805,66,6,48791.6293046626,2,0,0,64561.30537480592,0
663,34,9,122348.13435164718,3,1,0,72271.97292026435,1
579,77,9,185410.36295901056,3,1,1,31965.066016187317,1
457,62,3,123142.2676883244,1,0,0,83839.87966534952,1
358,86,7,120795.21582841713,2,0,1,17072.12386817254,1
427,49,5,209557.60527045015,2,0,1,184344.13228976104,0
414,61,3,90350.94476679659,2,1,1,137891.15614366042,1
508,82,3,214948.6687029114,3,1,1,198242.27378471158,1
825,25,1,101701.20023793088,1,0,1,177736.4009089138,1
820,89,1,82058.27641958486,2,1,1,99868.21280264901,1
536,60,3,113497.47779992475,3,0,1,108740.1559185716,1
580,18,4,190611.7396687171,2,1,0,46209.44883826683,1
658,68,7,31500.50696599857,1,1,0,97787.47513951556,1
500,41,5,49104.803968004344,2,1,1,181575.2959636342,0
577,41,3,237861.206415773,1,1,0,19662.150490806016,1
534,34,6,43872.90684533934,1,0,0,174075.79256967886,1
793,22,7,141931.82948276366,2,1,1,74780.08231209585,1
303,37,1,144828.61666548447,2,1,0,180907.42536829886,0
741,38,6,122406.1155125612,1,0,1,188767.1822048821,0
328,75,1,161186.31214420465,3,1,0,137464.3285303621,0
408,48,1,57456.681449404605,1,0,1,136240.5194526088,1
374,28,7,138165.56694418704,2,0,1,96023.32416466062,1
445,69,1,93043.31381172429,2,1,0,168752.64266330443,1
427,32,8,165416.81490729726,3,1,0,192706.4241023238,0
341,24,0,35305.88584328737,1,0,1,157265.54206443267,1
655,45,8,142719.35420986905,1,0,1,128167.97941377475,0
340,68,0,46317.58884583093,1,0,1,125290.650206054,0
333,75,9,69660.7657787591,2,1,0,171399.28130089585,0
316,22,9,54677.450080895804,1,0,0,112828.71549654669,0
452,22,1,45709.444967204276,3,0,0,162733.37838727632,0
677,25,5,206427.73789016675,2,0,0,106688.1984831067,1
641,81,5,71426.89191522259,2,1,1,21864.412245045583,1
326,27,0,231780.94546611235,1,0,1,82949.93169178949,0
